,Unnamed: 0,Nome,Squadra,R,prob_lineup,0,1,2,3,4,5,6,p_nolose,match_voti,match_score,voto_medio,media_pca
0,0,lazzari,Lazio,D,0.85,0.49321943719149886,0.33030014296214644,0.7410526837778855,0.10849695676628092,0.49552904302933554,0.32961978841159556,0.46152683748469325,0.8648581383773022,lazzari,100.0,0.608,0.4228206985176337
1,1,radu,Lazio,D,0.5,0.5206738711725818,0.004098517727418404,0.3658234863732393,0.2281633170161915,0.5524482169037529,0.3257487043908738,0.32849033968917773,0.8648581383773022,radu s,100.0,0.6,0.3322066361818908
2,2,basic,Lazio,C,0.55,0.1501338342481471,0.252757679734756,0.4864654216435483,0.14827245254100518,0.37641092962366185,0.560326474334025,0.4399762018084941,0.8648581383773022,basic,100.0,0.587,0.3449061419905197
3,3,lucas leiva,Lazio,C,0.6,0.5682231076364203,0.09728267493261056,0.5625143101907669,0.1649384144006397,0.4626845849330127,0.3524130650276053,0.3376274441188255,0.8648581383773022,lucas leiva,100.0,0.581,0.36366908589141156
4,4,luiz felipe,Lazio,D,0.8,0.5880361010488725,0.004683521787356467,0.46806422245179247,0.18649461575136303,0.22960171733123794,0.3879933283271873,0.43133820896859243,0.8648581383773022,luiz felipe,100.0,0.581,0.3280302450952003
5,5,hysaj,Lazio,D,0.35,0.3530965874951958,0.09685054143521796,0.42865239401312044,0.1831038391263299,0.34657885794939824,0.4700736832671308,0.4506843895918823,0.8648581383773022,hysaj,100.0,0.5519999999999999,0.3327200418397536
6,6,marusic,Lazio,D,0.9,0.6481813943461935,0.10572196698224973,0.19998715928635735,0.14432453251099672,0.17883336046858828,0.29020148853416255,0.8104972056107408,0.8648581383773022,marusic,100.0,0.5469999999999999,0.33967815824846986
7,7,milinkovicsavic,Lazio,C,0.9,0.8121297849170661,0.28854652550557575,0.5604557569881029,0.09505515870494259,0.1711675044388092,0.5437573558287169,0.482056946979168,0.8648581383773022,milinkovic s,81.0,0.678,0.42188129048034023
8,8,cataldi,Lazio,C,0.55,0.2525650238307539,0.1939712761156127,0.4782265944724469,0.15840789197829055,0.2406630825492052,0.561665213409801,0.45477210007049557,0.8648581383773022,cataldi,100.0,0.603,0.33432445463237226
9,9,acerbi,Lazio,D,0.85,0.635000613062108,0.09182444435700365,0.40574191050953495,0.1631548602435536,0.10588982001349169,0.3423315481723151,0.45565743983550416,0.8648581383773022,acerbi,100.0,0.575,0.3142286623133587
10,10,luis alberto,Lazio,C,0.65,0.7465369621324763,0.23095382963514105,0.7767170287890898,0.1123499104771375,0.14927898890305946,0.5685187927624389,0.5373497870406063,0.8648581383773022,luis alberto,100.0,0.609,0.4459578999628499
11,11,felipe anderson,Lazio,C,0.9,0.6660867410381731,0.20772920695983682,0.4380753014574684,0.12251056804901256,0.5658342024804797,0.7825769361246272,0.4551454822997304,0.8648581383773022,felipe anderson,100.0,0.583,0.46256549120133256
12,12,pedro,Lazio,A,0.55,0.32079344179563346,0.3497463073190398,0.5335170372238065,0.11989211036576615,0.38876609929631245,0.3782209093777946,0.3862318745648414,0.8648581383773022,pedro,100.0,0.5940000000000001,0.3538811114204563
13,13,zaccagni,Lazio,C,0.9,0.5237333233272705,0.2777602465406662,0.46241683677981904,0.11120226353233019,0.6181024862141508,0.7810311231636706,0.44729875312585493,0.8648581383773022,zaccagni,100.0,0.612,0.4602207189548232
14,14,romero l,Lazio,C,0.5,0.12462972996446381,0.1974643112380302,0.4884518149704592,0.1737176834414868,0.36979753871180016,0.5040802650343574,0.38197960335575426,0.8648581383773022,romero l,100.0,0.6,0.320017278102336
15,15,akpa akpro,Lazio,C,0.3,0.027693783152487394,0.23532712021704283,0.4931475615561814,0.18004927931705017,0.43164674208085596,0.5912914234291703,0.513804525537509,0.8648581383773022,akpa akpro,100.0,0.528,0.35328006218432817
16,16,vlahovic,Juventus,A,0.85,0.47718233660271014,0.7966977979500944,0.1591526574225608,0.013452847885419377,0.2884950741746251,0.31106918701370695,0.41710103548806277,0.9403415391439344,vlahovic,100.0,0.5860000000000001,0.3518787052195971
17,17,rugani,Juventus,D,0.5,0.290495815224103,0.118554011830723,0.4055491036311719,0.19275850689887425,0.39391043048633045,0.39736514315465293,0.39510030165621396,0.9403415391439344,rugani,100.0,0.601,0.3133904732688671
18,18,chiellini,Juventus,D,0.2,0.5824739340904443,0.14530888489099433,0.505387853121344,0.14314718004434643,0.0,0.6788036640176969,0.5163077290381227,0.9403415391439344,chiellini,100.0,0.633,0.3673470350289927
19,19,bernardeschi,Juventus,C,0.8,0.19947098241533054,0.21593655071890752,0.49427588613053747,0.16387535228137495,0.4955651675954997,0.5933459053642067,0.47179745222233604,0.9403415391439344,bernardeschi,100.0,0.6,0.376323899532599
20,20,rabiot,Juventus,C,0.6,0.5740697656244241,0.18313490312083805,0.3342532815225993,0.15154559293787823,0.7793160486562768,0.530139430793149,0.2576560515349279,0.9403415391439344,rabiot,100.0,0.579,0.4014450105985847
21,21,zakaria,Juventus,C,0.3,0.37816739773411223,0.34578655480108306,0.28424088942967324,0.10703487775646138,0.5072684244760325,0.5648901495620684,0.4539898924475352,0.9403415391439344,zakaria,100.0,0.5980000000000001,0.3773397408867094
22,22,dybala,Juventus,A,0.75,0.5677389367205207,0.49760991916737835,0.2595639488118324,0.05436922316517953,0.15529386527245134,0.536420072425791,0.40990327129742166,0.9403415391439344,dybala,100.0,0.624,0.35441417669436787
23,23,de sciglio,Juventus,D,0.3,0.3877659939974337,0.19991686695338998,0.6341472065289872,0.15390087863687313,0.446227389521836,0.28196874862164606,0.48758983755118745,0.9403415391439344,de sciglio,100.0,0.581,0.37021670311590765
24,24,bonucci,Juventus,D,0.9,0.3025174017239172,0.15843187172393589,0.4268843194661126,0.17045595201940536,0.28795950784427604,0.44279390350393927,0.46270536193257067,0.9403415391439344,bonucci,100.0,0.623,0.32167833117345096
25,25,kean,Juventus,A,0.55,0.1398360549273119,0.28135533966542603,0.4901630082758919,0.1424938158419122,0.5355289870875383,0.5366310374396543,0.5058296563619088,0.9403415391439344,kean,100.0,0.589,0.37597684279994903
26,26,locatelli,Juventus,C,0.85,0.5983380633497075,0.21839798986852968,0.8151887226657867,0.13664393292362562,0.7087699836955164,0.30497120487562757,0.5055544070293189,0.9403415391439344,locatelli,100.0,0.631,0.4696949006297303
27,27,de ligt,Juventus,D,0.9,0.5118165752585406,0.17223242566314326,0.2699792208513208,0.15237013980705455,0.20272972884850282,0.3503833901801135,0.4311369255935366,0.9403415391439344,de ligt,100.0,0.627,0.29866405802888746
28,28,alex sandro,Juventus,D,0.55,0.39331554657897827,0.13770374662014928,0.539757495986097,0.1657879437330082,0.2653467430601467,0.5165994090129414,0.4697098779476125,0.9403415391439344,alex sandro,100.0,0.5780000000000001,0.3554601089912762
29,29,morata,Juventus,A,0.85,0.5613029929087703,0.6998470404394007,0.28430844875602757,0.3836488637785392,0.4422958811270781,0.4716186852168219,0.41618592352104294,0.9403415391439344,morata,100.0,0.637,0.46560111939252585
30,30,cuadrado,Juventus,D,0.8,0.829461874058117,0.26347532242466626,0.8874423845526522,0.09476620087633286,0.3107544512044912,0.6235084141282747,0.3943340426424003,0.9403415391439344,cuadrado,100.0,0.613,0.4862489556981335
31,31,pellegrini lu,Juventus,D,0.55,0.5468138491464779,0.1665650511305114,0.40355478739917044,0.1556835928564461,0.6250927783630569,0.5675930940515204,0.3149511792034414,0.9403415391439344,pellegrini lu,100.0,0.602,0.3971791903072321
32,32,ake m,Juventus,A,0.5,0.08491703203264882,0.19247147775604853,0.4881386764449149,0.18941931250635916,0.2843817601062741,0.42545211328496446,0.38360825098034074,0.9403415391439344,,,,0.2926269461587929
33,33,berardi,Sassuolo,A,0.9,0.9222497184872842,1.0,0.7119167757244598,1.0,0.5119281451617341,0.5990268785950246,0.5769226194547249,0.6954679439941047,berardi,100.0,0.639,0.7602920196318896
34,34,chiriches,Sassuolo,D,0.55,0.4548617761728305,0.1377369426592128,0.25731844384947755,0.1704164417384277,0.43763133073908983,0.3634608411616096,0.4242026952256617,0.6954679439941047,chiriches,100.0,0.5660000000000001,0.3208040673637585
35,35,magnanelli,Sassuolo,C,0.45,0.2187753120342429,0.1406432788389114,0.48440767439017024,0.19005508503853275,0.2280983313346728,0.4426867588305513,0.4088888677537263,0.6954679439941047,magnanelli,100.0,0.55,0.30193647260297257
36,36,ruan,Sassuolo,D,0.35,0.2615082192077138,0.16123617254862035,0.46826827348983135,0.1765614616133196,0.508597866990466,0.6012911117411472,0.35691081440458816,0.6954679439941047,ruan,100.0,0.516,0.362053417142241
37,37,rogerio,Sassuolo,D,0.55,0.27261900413990026,0.18915899179666296,0.6032659276367334,0.1690258617279759,0.18752460768796136,0.5701578717362699,0.44837391429347895,0.6954679439941047,rogerio,100.0,0.5650000000000001,0.3485894541455689
38,38,matheus henrique,Sassuolo,C,0.55,0.42068617189176777,0.15809543488703914,0.49456856971771845,0.15415409059523602,0.3956276854697949,0.6500910910150626,0.33799079368479557,0.6954679439941047,henrique,100.0,0.5730000000000001,0.3730305481802021
39,39,muldur,Sassuolo,D,0.85,0.6437131599880636,0.06022417815180471,0.5162571800647837,0.16419624936413887,0.4187882830380558,0.6277356050561073,0.455832349020425,0.6954679439941047,muldur,100.0,0.577,0.4123924292404827
40,40,ayhan,Sassuolo,D,0.5,0.4939224174555918,0.10407897279343126,0.4088664759128993,0.18010933862482412,0.022424243187887907,0.4483045338357667,0.4256750115124474,0.6954679439941047,ayhan,100.0,0.571,0.29762585618897835
41,41,kyriakopoulos,Sassuolo,D,0.6,0.6743705177939702,0.2820171107604974,0.8131591786188531,0.11145651037269885,0.598804216552709,0.23547107990354751,0.48954529046571027,0.6954679439941047,kyriakopoulos,100.0,0.592,0.45783198635256944
42,42,defrel,Sassuolo,A,0.55,0.3281450118512245,0.3578438430622287,0.5073615230456531,0.11356713213736065,0.6414465701283238,0.3995583291470838,0.4961226419280508,0.6954679439941047,defrel,100.0,0.5469999999999999,0.40629215018570364
43,43,frattesi,Sassuolo,C,0.85,0.6475606027518921,0.3373999647022048,0.33824940102086826,0.10167716554655955,0.7371693996705477,0.4940856236742174,0.40997087859272174,0.6954679439941047,frattesi,100.0,0.593,0.4380161479941445
44,44,raspadori,Sassuolo,A,0.8,0.5453318395947954,0.2948397884596157,0.30460992171888,0.10277793538715223,0.3113449700935416,0.47460879002477163,0.824128279622251,0.6954679439941047,raspadori,100.0,0.588,0.4082345035572868
45,45,scamacca,Sassuolo,A,0.9,0.4519966230660814,0.5011835817104503,0.34454519158984276,0.0793176885855124,0.3384313290726694,0.5009939289418408,0.40648796168619117,0.6954679439941047,scamacca,100.0,0.607,0.3747080435217984
46,46,ceide,Sassuolo,A,0.3,0.09094888683270903,0.22336805249349181,0.45673919970720134,0.16894034408532727,0.6339402887599357,0.6876908769722513,0.5873604759513985,0.6954679439941047,ceide,100.0,0.5700000000000001,0.40699830354318783
47,47,ferrari g,Sassuolo,D,0.8,0.5386789842097588,0.05694026121327207,0.42781573876605716,0.17060899801583881,0.06810932080329671,0.47147154413429504,0.46149748817586284,0.6954679439941047,ferrari g,100.0,0.585,0.3135889050454831
48,48,lopez m,Sassuolo,C,0.8,1.0,0.15546134545554466,0.8215191937107916,0.11724269104478643,0.4734131714592773,0.5078233114740384,0.3598937399401958,0.6954679439941047,lopez,100.0,0.609,0.49076477901209054
49,49,traore hj,Sassuolo,C,0.65,0.7308440995227723,0.5827176099620484,0.16075530227507118,0.04895801655763733,0.2076532068357919,0.7134696059319546,0.3168090444324412,0.6954679439941047,traore,100.0,0.613,0.3944581265025309
50,50,djuricic,Sassuolo,C,0.5,0.37348829995660904,0.3133886545497157,0.4108783487974663,0.11136841024162433,0.40482923892822686,0.6515796930261726,0.5113913086500598,0.6954679439941047,djuricic,100.0,0.558,0.3967034220214107
51,51,dzeko,Inter,A,0.85,0.5264740403389783,0.6061145715971606,0.5079984818363167,0.04593616501894168,0.4434585188865888,0.49816139922780495,0.5552864369278476,0.9438641937884092,dzeko,100.0,0.5820000000000001,0.4547756591190912
52,52,bastoni,Inter,D,0.6,0.5204454250458272,0.035967439164654995,0.3965703711059271,0.18833318100854843,0.3794478596402329,0.4520058352375938,0.4284742326605906,0.9438641937884092,bastoni,100.0,0.602,0.3430349062661964
53,53,de vrij,Inter,D,0.8,0.36761866873235827,0.13338615486110772,0.36085582738292404,0.17730256137257278,0.3776703234317025,0.389970120839608,0.39612875164110456,0.9438641937884092,de vrij,100.0,0.599,0.3147046297516254
54,54,caicedo,Inter,A,0.25,0.0,0.26204095843044944,0.47438319101320064,0.17539162363067162,0.6533684061099935,0.7570104651141422,0.6504528942120327,0.9438641937884092,caicedo,100.0,0.545,0.42466393407292713
55,55,gagliardini,Inter,C,0.35,0.06874150898178033,0.22281077352484696,0.48667698719911623,0.1772176569737362,0.3886566277591104,0.5323836132652814,0.47538787418130096,0.9438641937884092,gagliardini,100.0,0.613,0.33598214884073896
56,56,vidal,Inter,C,0.5,0.33957062871249366,0.29859618800277293,0.5376494979186549,0.12845972019591234,0.3888578086642128,0.5211818174095958,0.49506575811472364,0.9438641937884092,vidal,100.0,0.596,0.38705448843119516
57,57,darmian,Inter,D,0.55,0.2672308600465741,0.17908595080098208,0.5175826224135518,0.1665722356405295,0.3868493416265339,0.595845847744113,0.4681191725945047,0.9438641937884092,darmian,100.0,0.634,0.3687551472666842
58,58,dimarco,Inter,D,0.55,0.4347725008941752,0.3266873643256323,0.6204234788192196,0.13992130995427193,0.3235447656738699,0.45216565684212207,0.38869409346181943,0.9438641937884092,dimarco,100.0,0.658,0.38374416713873005
59,59,dambrosio,Inter,D,0.4,0.53158496419977,0.1391888038308013,0.4913112349914665,0.16463313431803842,0.5890004632221072,0.25250685890639757,0.4068297099865463,0.9438641937884092,dambrosio,100.0,0.621,0.3678650242078753
60,60,brozovic,Inter,C,0.9,0.7391988806695159,0.07500507725219441,0.43988978750552177,0.16715831603008657,0.436951985486328,0.4359750315748047,0.376187176443659,0.9438641937884092,brozovic,100.0,0.6839999999999999,0.3814808935660158
61,61,gosens,Inter,D,0.4,0.18735071939986706,0.2394850187725859,0.43860787725705375,0.1635824428734141,0.466201165574714,0.5736504226689665,0.45247468036655747,0.9438641937884092,gosens,100.0,0.613,0.36019318955902263
62,62,sanchez,Inter,A,0.5,0.3119827242574868,0.6309886278849792,0.43341837469435196,0.0904031200979491,0.20725334181151045,0.3891993619388666,0.35661279221903996,0.9438641937884092,sanchez,100.0,0.646,0.34569404898631195
63,63,correa,Inter,A,0.55,0.2848146012183304,0.3499813343925043,0.4294589210507905,0.11536441369176575,0.38545085237313004,0.61931949465718,0.46502563659762347,0.9438641937884092,correa,100.0,0.558,0.37848789342590344
64,64,skriniar,Inter,D,0.8,0.5831367169066534,0.06842692981898224,0.33498830249467143,0.17160231656497318,0.33720545776880007,0.33398758615648944,0.3804262876058993,0.9438641937884092,skriniar,100.0,0.614,0.3156819424737813
65,65,dumfries,Inter,D,0.55,0.5273492876601371,0.3575263688281686,0.3048435129256799,0.11937786191394223,0.5221101108514697,0.5382924565250751,0.41929821639894876,0.9438641937884092,dumfries,100.0,0.638,0.39839968787191743
66,66,perisic,Inter,C,0.85,0.6321790286421886,0.4633177661882959,1.0,0.08378873538374582,0.9094442802582711,0.0,0.6227055737445822,0.9438641937884092,perisic,100.0,0.696,0.5302050548881547
67,67,barella,Inter,C,0.85,0.6785195132079744,0.30627414807257797,0.4453026488143319,0.09146138078185422,0.268766297667731,0.8582252935532059,0.40471668315651776,0.9438641937884092,barella,100.0,0.6639999999999999,0.43618085217917046
68,68,calhanoglu,Inter,C,0.85,0.6499484298270634,0.35724885430514797,0.4198304974681753,0.4516687016112753,0.46929969766046975,0.6674050515102053,0.5137129647431143,0.9438641937884092,calhanoglu,100.0,0.675,0.5041591710179216
69,69,ranocchia,Inter,D,0.25,0.5094915578969758,0.1460619133097787,0.19672095815921253,0.1835087381679438,0.790640533736548,0.2969309132887034,0.0,0.9438641937884092,ranocchia,100.0,0.615,0.3033363735084517
70,70,martinez l,Inter,A,0.85,0.49331372969532017,0.7239070918341006,0.2489616463752383,0.057093964092107846,0.5256411486308937,0.37562127770933,0.4055403721584665,0.9438641937884092,martinez l,100.0,0.733,0.4042970329279224
71,71,caprari,Verona,A,0.8,0.6249498829320473,0.39094215225410944,0.6558290435208269,0.07503445651767447,0.582856001108319,0.6021250437904028,0.4973003439692447,0.4274430151207402,caprari,100.0,0.638,0.4898624177275178
72,72,simeone,Verona,A,0.8,0.568960370193155,0.6544643823409377,0.33608633648692565,0.2140292630844666,0.6263528268237655,0.3652992851545744,0.4901127927216972,0.4274430151207402,simeone,100.0,0.584,0.46504360811507456
73,73,hongla,Verona,C,0.55,0.23495986936494695,0.22736563616676106,0.4219747402242399,0.14880284633962365,0.4269035473662269,0.5731362437455022,0.48250154250630123,0.4274430151207402,hongla,100.0,0.603,0.3593777751019431
74,74,retsos,Verona,D,0.4,0.07794932456728285,0.21325369810641912,0.46527264188562883,0.1818229709774741,0.41989355008330287,0.49534447144565524,0.48392668270716743,0.4274430151207402,retsos,100.0,0.589,0.33392333425327575
75,75,dawidowicz,Verona,D,0.5,0.5544311326825191,0.07912683679015244,0.34541470218723835,0.1748605059490703,0.5080418039014493,0.4443921827043915,0.41267431806057203,0.4274430151207402,dawidowicz,100.0,0.583,0.35984878318219904
76,76,sutalo,Verona,D,0.55,0.38313140413880004,0.13258736663416362,0.410241060358623,0.15883564874189535,0.5310279808438786,0.630897670645239,0.5191549701428155,0.4274430151207402,sutalo,100.0,0.5940000000000001,0.3951251573579165
77,77,cancellieri,Verona,A,0.5,0.20649806060281897,0.31238877986221153,0.44395134510492634,0.16511063924255287,0.3834611500367586,0.5209298157905848,0.33221014580236896,0.4274430151207402,cancellieri,100.0,0.651,0.33779284806317467
78,78,ceccherini,Verona,D,0.85,0.5662843799313874,0.21075790443523415,0.12785969074696937,0.15468017586493132,0.5212358197980755,0.28280352020500515,0.6588500084189265,0.4274430151207402,ceccherini,100.0,0.608,0.36035307134293276
79,79,bessa,Verona,C,0.4,0.5789195168340893,0.16185913132525487,0.7078271741200456,0.15844505160526126,0.5988712619721648,0.42599823611242627,0.4732477210247768,0.4274430151207402,bessa,100.0,0.577,0.44359544185628846
80,80,depaoli,Verona,D,0.55,0.1910906807405414,0.23923606219654678,0.4197156760116239,0.15204117162265451,0.5618959206553527,0.6076915003196297,0.5561372196178356,0.4274430151207402,depaoli,100.0,0.593,0.3896868901663121
81,81,miguel veloso,Verona,C,0.55,0.5579088954685344,0.20038762153100392,0.6520535774419016,0.13963760910185008,0.27881864375068777,0.5488041967551602,0.5232469831908102,0.4274430151207402,veloso,100.0,0.601,0.4144082181771354
82,82,casale,Verona,D,0.85,0.46955636806421464,0.09594799977363028,0.36770849538416694,0.1921371628626186,0.8934560462999503,0.4206710079664099,0.34026777765554717,0.4274430151207402,casale,100.0,0.5980000000000001,0.3971064082866483
83,83,lasagna,Verona,A,0.6,0.2911794353756963,0.49383351863405445,0.5479716542190946,0.07768283002372903,0.5198696094551156,0.4068584580109971,0.5267237539707312,0.4274430151207402,lasagna,100.0,0.591,0.4091598942413455
84,84,ilic,Verona,C,0.75,0.6303384822680836,0.19463126902787636,0.3373177854728215,0.12660018087241814,0.4724853721989417,0.6585876237635879,0.41696187588136585,0.4274430151207402,ilic,100.0,0.606,0.4052746556407279
85,85,lazovic,Verona,C,0.65,0.6477809362412016,0.2497288654276306,0.4905504044268439,0.11077489125795108,0.2194403299994885,0.803712125825419,0.5737236006179974,0.4274430151207402,lazovic,100.0,0.607,0.4422444505423617
86,86,faraoni,Verona,D,0.9,0.5821355329488513,0.16596091527647897,0.20776666140182834,0.14410349900269875,0.36527655292539435,0.45628477833655934,0.890874166437304,0.4274430151207402,faraoni,100.0,0.616,0.40177172947558787
87,87,tameze,Verona,C,0.75,0.6282954572642204,0.16565789637834266,0.6506375279431567,0.14296483913872104,0.589861778949954,0.5555509636798796,0.48658412563895725,0.4274430151207402,tameze,100.0,0.625,0.45993608414189024
88,88,coppola d,Verona,D,0.25,0.40293641161280674,0.10693746248859692,0.3599313166768877,0.18271864751983372,0.515547406807817,0.5311022839243797,0.4432031359157855,0.4274430151207402,,,,0.3631966664208725
89,89,de roon,Atalanta,C,0.85,0.8021816587067351,0.11021728556443659,0.14506003203925721,0.13138944505005976,0.2797305822296583,0.45919136698609203,0.7161103305020792,0.8542507752618337,de roon,100.0,0.5700000000000001,0.37769724301118834
90,90,mihaila,Atalanta,A,0.2,0.11957104975951284,0.2670918408088785,0.42950392326719494,0.16126885216986736,0.5491283943537736,0.6035560223289377,0.5557569708367551,0.8542507752618337,mihaila,100.0,0.567,0.3836967219321314
91,91,boga,Atalanta,A,0.7,0.4230927374419208,0.2899844880536864,0.5901295842740543,0.09971422000320807,0.4070567927231684,1.0,0.5325080876288562,0.8542507752618337,boga,100.0,0.5700000000000001,0.47749798716069913
92,92,freuler,Atalanta,C,0.85,0.8434682997881384,0.18417814624914644,0.8334262928702206,0.10869461994061397,0.44185224867106077,0.4779018760036097,0.5526608799136207,0.8542507752618337,freuler,100.0,0.593,0.49174033763377295
93,93,pasalic,Atalanta,C,0.6,0.3582336831142305,0.3734714356367661,0.5389766218740181,0.1083957143563565,0.4772357438654417,0.47669420746056856,0.5339406726371316,0.8542507752618337,pasalic,100.0,0.653,0.40956401127778763
94,94,scalvini,Atalanta,D,0.5,0.7000391404888865,0.11548305453876767,0.2945335187272912,0.15243317805145637,0.27532244133375744,0.6350215192068119,0.4885625924791821,0.8542507752618337,scalvini,100.0,0.604,0.380199349260879
95,95,djimsiti,Atalanta,D,0.8,0.4655437621215341,0.08919808529694716,0.44035336164830147,0.17756740183818673,0.40092802600617955,0.5245027493542715,0.5262862138278377,0.8542507752618337,djimsiti,100.0,0.6,0.374911371441894
96,96,demiral,Atalanta,D,0.7,0.42346142169188283,0.16461201580286994,0.27609050633584736,0.1698461778479193,0.6574707210377717,0.4003987591610827,0.3589715707309887,0.8542507752618337,demiral,100.0,0.5820000000000001,0.3501215960869089
97,97,pessina,Atalanta,C,0.55,0.6388598818027437,0.11707687371520349,0.37934724245444224,0.1598152328448282,0.4588891867738644,0.7146470224394701,0.503448702701403,0.8542507752618337,pessina,100.0,0.5700000000000001,0.4245834489617079
98,98,palomino,Atalanta,D,0.6,0.49635063391261147,0.09663715814301281,0.3562426753165961,0.17985822090453538,0.592743854082792,0.5057206012958448,0.4221664171704936,0.8542507752618337,palomino,100.0,0.613,0.37853136583226943
99,99,zappacosta,Atalanta,D,0.8,0.545886002959387,0.19743947252041125,0.5883687153117573,0.14228829464941822,0.5878359403585282,0.4912201896008194,0.40009904534610874,0.8542507752618337,zappacosta,100.0,0.612,0.42187680867806143
100,100,miranchuk,Atalanta,C,0.5,0.5090988632737906,0.40352378946021605,0.9019968842251024,0.09852645855436858,0.5456797121098934,0.3798314438914239,0.5273107441232708,0.8542507752618337,miranchuk,100.0,0.5589999999999999,0.4808525565197237
101,101,koopmeiners,Atalanta,C,0.55,0.5379433837798205,0.1993139395664943,0.5954316850290321,0.15635586748551827,0.6795823551037832,0.5044096403147075,0.47625670530268244,0.8542507752618337,koopmeiners,100.0,0.5650000000000001,0.44989908236886256
102,102,hateboer,Atalanta,D,0.55,0.4059487819538519,0.2434935657611089,0.39690159180672646,0.1257984322065803,0.34994357242201296,0.6067033889845914,0.47019858488604566,0.8542507752618337,hateboer,100.0,0.5549999999999999,0.3712839882887025
103,103,zapata d,Atalanta,A,0.8,0.36409713875858374,0.5012664477106462,0.40791620688971264,0.08183070651515914,0.40141487193481423,0.5016495338425425,0.5029372913477052,0.8542507752618337,zapata d,100.0,0.581,0.3944445995713091
104,104,maehle,Atalanta,D,0.55,0.2647975598266221,0.16255215321208227,0.501506315521667,0.17622336732536342,0.3491004443540708,0.6184098405965388,0.5087923343017986,0.8542507752618337,maehle,100.0,0.58,0.36876885930544895
105,105,osimhen,Napoli,A,0.8,0.4810670403288382,0.7238832282855515,0.09051770704318209,0.0667228464382155,0.6396780034833971,0.30978158607171674,0.2948917162968053,0.7967842531399307,osimhen,100.0,0.635,0.37236316113538664
106,106,mertens,Napoli,A,0.6,0.27610031878942604,0.3633305458972159,0.4372100184869052,0.13443763925031135,0.4939183503731506,0.46009911899751826,0.4032060717323488,0.7967842531399307,mertens,100.0,0.6900000000000001,0.36690029478955377
107,107,ghoulam,Napoli,D,0.25,0.04266311264521698,0.28261709753921316,0.4479200685992599,0.16354052352057444,0.5299452211533351,0.6699451098746614,0.5900713650484355,0.7967842531399307,ghoulam,100.0,0.6,0.3895289283400995
108,108,demme,Napoli,C,0.5,0.15913419026332587,0.1850433035712565,0.45765385395828356,0.18949647106877632,0.5163597848724825,0.488061091829881,0.4589781672053933,0.7967842531399307,demme,100.0,0.597,0.3506752661099141
109,109,ounas,Napoli,A,0.35,0.2658098604813228,0.2307104233998964,0.5603673894176312,0.15333779195958241,0.4581381106608139,0.7756046120798005,0.37464888965849413,0.7967842531399307,ounas,100.0,0.584,0.40265958252250594
110,110,zanoli,Napoli,D,0.35,0.4800060423446754,0.11150620363806364,0.48371446784950706,0.17646768608110736,0.6140372084251141,0.5051249689758688,0.4179244674584364,0.7967842531399307,zanoli,100.0,0.583,0.39839729211039615
111,111,juan jesus,Napoli,D,0.35,0.269538194885165,0.13031864861853978,0.4185817386992444,0.2038243401870629,0.45082094994236743,0.394297867660485,0.2708846700250568,0.7967842531399307,juan jesus,100.0,0.588,0.30546663000256025
112,112,zambo anguissa,Napoli,C,0.55,0.5594901301579953,0.10273273683384573,0.4308373282391394,0.1579265946223628,0.7709369012729128,0.6869916053240323,0.3943504267641225,0.7967842531399307,anguissa,100.0,0.649,0.4433236747449158
113,113,petagna,Napoli,A,0.4,0.20922523013498567,0.2280400763132974,0.5616945665016194,0.16705164482184667,0.3755669986771166,0.5865555609185363,0.4320827557903634,0.7967842531399307,petagna,100.0,0.589,0.36574526187968076
114,114,lobotka,Napoli,C,0.55,0.568940578727313,0.10535388730163936,0.5040882984798057,0.1554389479609083,0.5263053614446077,0.4931915318918179,0.43475966252172665,0.7967842531399307,lobotka,100.0,0.647,0.39829689547540265
115,115,mario rui,Napoli,D,0.8,0.7458360117487484,0.22081819573957007,0.7133744545044962,0.1106059969192264,0.587700039741651,0.29587749947445124,0.5274548556958821,0.7967842531399307,mario rui,100.0,0.61,0.45738100768914647
116,116,politano,Napoli,A,0.9,0.42115725589750824,0.3912180444129362,0.5927944317296658,0.11044497456435848,0.6634915303995355,0.4216500260253479,0.5213367936923184,0.7967842531399307,politano,100.0,0.575,0.4460132938173814
117,117,elmas,Napoli,C,0.55,0.2194596422870938,0.4030422913105737,0.44623771282268465,0.11626884770630859,0.32626944604352176,0.4882911269550401,0.44124401531124896,0.7967842531399307,elmas,100.0,0.589,0.34868758320521026
118,118,di lorenzo,Napoli,D,0.7,0.6893074055816538,0.24216676946767118,0.8088637975113183,0.1099748540284484,0.7328883840746832,0.37251728625534875,0.5753471209079901,0.7967842531399307,di lorenzo,100.0,0.6679999999999999,0.5044379454038734
119,119,koulibaly,Napoli,D,0.85,0.6394953468590903,0.10782665340054089,0.40009322692101246,0.1521646534311924,0.5663811390320304,0.4943223378522783,0.42461515646092524,0.7967842531399307,koulibaly,100.0,0.655,0.39784264485101
120,120,rrahmani,Napoli,D,0.8,0.5993176979825177,0.03727667539006732,0.352968569426086,0.18063315812940733,0.4325521902329181,0.4684646326827306,0.3550496354271544,0.7967842531399307,rrahmani,100.0,0.597,0.3466089370386974
121,121,zielinski,Napoli,C,0.55,0.30491384049029346,0.24299920331806804,0.46262139322047374,0.1367922033959037,0.5402333445839324,0.5895737376374232,0.5010515236220017,0.7967842531399307,zielinski,100.0,0.548,0.39688360660972805
122,122,insigne,Napoli,A,0.8,0.6909126377576787,0.6732129565077198,0.5141867882843172,0.705693782583582,0.46770735588100243,0.7299171942861985,0.5678623693120174,0.7967842531399307,insigne l,100.0,0.65,0.6213561549446451
123,123,ruiz,Napoli,C,0.7,0.5060775683343504,0.2037440715833008,0.4367725939908052,0.13092222302043097,0.25970257652530265,0.5668845380224514,0.44947486665459335,0.7967842531399307,ruiz,100.0,0.614,0.3647969197330335
124,124,malcuit,Napoli,D,0.25,0.1803331376829796,0.1605165388588266,0.43573774256343434,0.2003925650892428,0.4817057034194279,0.39941922170849836,0.27059549431248636,0.7967842531399307,malcuit,100.0,0.534,0.304100057662128
125,125,abraham,Roma,A,0.6,0.44564432276384675,0.6195799076412356,0.2194384822965215,0.06509108889314477,0.5895572710809227,0.45942689607489096,0.4080854079556398,0.5219802626213197,abraham,100.0,0.5690000000000001,0.400974768100886
126,126,cristante,Roma,C,0.55,0.5867221050627639,0.0672731010657271,0.408104454939154,0.17621526992181696,0.603179031425944,0.5730372738054569,0.37726553882362335,0.5219802626213197,cristante,100.0,0.593,0.3988281107206409
127,127,kumbulla,Roma,D,0.9,0.3007027707042968,0.12980706470733053,0.37193404402981595,0.19172178164588605,0.8007593769748347,0.49526142961496716,0.2369347759231036,0.5219802626213197,kumbulla,100.0,0.619,0.3610173205143193
128,128,bove,Roma,C,0.3,0.03506318952397296,0.2456878665531293,0.46702225826215665,0.17476778409256752,0.6039563193296963,0.6782260481891784,0.6022059140036768,0.5219802626213197,bove,100.0,0.713,0.400989911422054
129,129,vina,Roma,D,0.4,0.08651883228220945,0.21576826632763646,0.449786673021817,0.18280882837642232,0.5966298085988488,0.58207318583861,0.5396502582967357,0.5219802626213197,vina,100.0,0.576,0.37903369324889713
130,130,carles perez,Roma,A,0.55,0.1465461619619072,0.3076957379604411,0.40679650124882166,0.16063976055957802,0.27227815026252616,0.4806047759510808,0.41008474824647156,0.5219802626213197,perez c,83.0,0.581,0.3120922623129752
131,131,zalewski,Roma,C,0.55,0.5015257491996391,0.15882071429391642,0.32867964095995517,0.14088588572566688,0.9144238282103586,0.5740074747573543,0.4079121113052952,0.5219802626213197,zalewski,100.0,0.576,0.43232220063602655
132,132,afenagyan,Roma,A,0.55,0.22686596345306723,0.3166290736634827,0.4842546304261227,0.1523953190425003,0.6525864353878695,0.4259074499573565,0.31686746568137525,0.5219802626213197,afena gyan,95.0,0.542,0.36792947680168214
133,133,mancini,Roma,D,0.9,0.5739323428888419,0.09277466969101718,0.4353819583159605,0.1662362466285601,0.25175757825884304,0.5527153484781131,0.368084939322895,0.5219802626213197,mancini g,100.0,0.587,0.34869758336917583
134,134,el shaarawy,Roma,A,0.55,0.3851483183837205,0.269750239169714,0.42901224951055805,0.1500498798610924,0.18890820112196463,0.5737655023968988,0.44118726839928324,0.5219802626213197,el shaarawy,100.0,0.593,0.3482602369776045
135,135,zaniolo,Roma,C,0.25,0.4559716981342277,0.5041157674442763,0.5125969057377827,0.052710468894201216,0.7341566638694874,0.6000160653084744,0.45638066640268243,0.5219802626213197,zaniolo,100.0,0.5509999999999999,0.4737068908273046
136,136,ibanez,Roma,D,0.8,0.6269228998765644,0.022099386454878408,0.32805192531082045,0.18349555980877186,0.4251169438222581,0.4357743730540976,0.3433338483407807,0.5219802626213197,ibanez,100.0,0.538,0.33782784809545313
137,137,karsdorp,Roma,D,0.35,0.6261008827235702,0.1369152301978892,0.7330174333144267,0.14512987579942604,0.21916191871048446,0.49933595533459274,0.4699904954606029,0.5219802626213197,karsdorp,100.0,0.5599999999999999,0.4042359702201418
138,138,shomurodov,Roma,A,0.55,0.14945357710180301,0.3285695226372513,0.4889259942522696,0.13769928665265757,0.416476848275525,0.5712208618268241,0.46984546438063496,0.5219802626213197,shomurodov,100.0,0.64,0.36602736501813793
139,139,oliveira,Roma,C,0.8,0.5900398329268673,0.19509725698387947,0.5327292463832707,0.14391044442025278,0.737856329430647,0.5340996304775346,0.3720890526991491,0.5219802626213197,oliveira,100.0,0.562,0.44368882761737155
140,140,veretout,Roma,C,0.8,0.23811274736735114,0.2388511010645894,0.64666918877018,0.14522995579375406,0.47335634216979594,0.444525555307913,0.4875462065580996,0.5219802626213197,veretout,100.0,0.577,0.3820415852902404
141,141,pellegrini lo,Roma,C,0.7,0.6573871046640918,0.510787972302459,0.3483351698539805,0.41048031661312545,0.5535747504740276,0.7089114354152932,0.48764836892446395,0.5219802626213197,pellegrini lo,100.0,0.607,0.525303588321063
142,142,giroud,Milan,A,0.9,0.4515915309749641,0.549066127419842,0.3314607042550768,0.04705589168780965,0.5596493783996452,0.33988073244182565,0.49512963066604504,0.9525075314549,giroud,100.0,0.577,0.3962619994064584
143,143,rafael leao,Milan,A,0.9,0.5535573639477863,0.4687380552909993,0.3944230509463284,0.05035723013224789,0.2419785773959131,0.8956612509681763,0.4867732465054546,0.9525075314549,leao,100.0,0.737,0.4416412535981294
144,144,gabbia,Milan,D,0.2,0.3494738271588943,0.1187786034669738,0.5657864703337198,0.19065199486226556,0.27244388332508107,0.31708944250204973,0.4181790442371553,0.9525075314549,gabbia,100.0,0.5820000000000001,0.3189147522694485
145,145,romagnoli,Milan,D,0.3,0.62551861770385,0.1663030655740458,0.40397241476435614,0.159426938036295,0.2140251085770734,0.22325200382431498,0.16914623773125817,0.9525075314549,romagnoli a,100.0,0.607,0.28023491231588477
146,146,krunic,Milan,C,0.55,0.14442321559489268,0.21537102847253295,0.5033430269541177,0.15809453634502985,0.40090559663708764,0.5709768462348422,0.42339432789418174,0.9525075314549,krunic,100.0,0.622,0.3452155111618121
147,147,florenzi,Milan,D,0.5,0.39405823078033947,0.23862448916700726,0.4768234306581057,0.14584546886743277,0.2626490094932842,0.5335566868722944,0.3355538456347363,0.9525075314549,florenzi,100.0,0.632,0.34101588021045715
148,148,saelemaekers,Milan,C,0.55,0.32751117873578667,0.34433354291011764,0.4200146738375178,0.12025082146037608,0.41788747730047204,0.6643726762497666,0.4940779145442866,0.9525075314549,saelemaekers,100.0,0.5700000000000001,0.39834975500547476
149,149,rebic,Milan,A,0.55,0.2765925365849858,0.3383642798905445,0.5465567943759465,0.13004161130282363,0.5436488295610756,0.6535430424664045,0.5694756051444338,0.9525075314549,rebic,100.0,0.63,0.4368889570466021
150,150,tomori,Milan,D,0.9,0.6905096409254896,0.029690759875330403,0.29417361556012545,0.17927111458894357,0.6711201138525644,0.5201504085855905,0.42739110801814867,0.9525075314549,tomori,100.0,0.645,0.40175810877231327
151,151,kalulu,Milan,D,0.9,0.6355971986979511,0.10235841289272314,0.47746591315207054,0.17028343021067743,0.5209899261101919,0.3683042002140213,0.43787293396152,0.9525075314549,kalulu,100.0,0.6599999999999999,0.3875531450341651
152,152,bennacer,Milan,C,0.6,0.8045447736021667,0.18390547567319332,0.49884088557204626,0.10460171161672398,0.4105721117429069,0.9930192466132047,0.46184336798482273,0.9525075314549,bennacer,100.0,0.619,0.49390393897215207
153,153,messias,Milan,C,0.55,0.3965595540426639,0.44564266689232584,0.33680942404743947,0.08323476705555477,0.5794299558704012,0.5891933503398181,0.4934497381447542,0.9525075314549,messias,100.0,0.63,0.4177599223418511
154,154,calabria,Milan,D,0.9,0.7643124949285703,0.17472244968630926,0.42346650024310584,0.12505259692740214,0.3996718462721879,0.7670511296115801,0.5040713945066337,0.9525075314549,calabria,100.0,0.6,0.451192630310827
155,155,kessie,Milan,C,0.8,0.5607329879863822,0.20517415139491793,0.47269073335490885,0.13506852804722816,0.3294769226163854,0.6590625049959182,0.5461537524795382,0.9525075314549,kessie,100.0,0.615,0.41547994012503986
156,156,tonali,Milan,C,0.9,0.626645176964534,0.13180004793716996,0.3786564901850059,0.16391571181243217,0.6396060970284665,0.5661239898554974,0.3008296718247319,0.9525075314549,tonali,100.0,0.6809999999999999,0.401082455086834
157,157,ibrahimovic,Milan,A,0.5,0.13396774846886744,0.2628505812559,0.4803531032827409,0.15127137048654543,0.5161012857531844,0.625934140785862,0.5758906750340338,0.9525075314549,ibrahimovic,100.0,0.601,0.3923384150095906
158,158,ballotoure,Milan,D,0.3,0.07907655309445392,0.21915611475923316,0.5314171369172309,0.18075118052817568,0.23523730478735172,0.45018136046648194,0.3723877579849013,0.9525075314549,toure,67.0,0.562,0.2954582012196898
159,159,hernandez t,Milan,D,0.9,0.7971136422831865,0.2019788716261941,0.5525234411458547,0.10391273693346685,0.6083643306001482,0.9014423925386561,0.4557842955141551,0.9525075314549,hernandez,100.0,0.663,0.5173028158059516
160,160,diaz b,Milan,C,0.4,0.3440877006953385,0.2858929038190919,0.5041655881681864,0.12642825173299982,0.6833543593443057,0.71268338288856,0.5463548083192608,0.9525075314549,diaz,100.0,0.5599999999999999,0.4575667135668205
161,161,deulofeu,Udinese,A,0.8,0.7740016988760186,0.8288083331127406,0.5628540129957577,0.3479430816707711,0.6123301127776989,0.6465101948327817,0.4083374400050592,0.8197208197208197,deulofeu,100.0,0.6839999999999999,0.5972549820386897
162,162,nestorovski,Udinese,A,0.55,0.09868070437373626,0.2518883072855453,0.4323507748958272,0.1660965852834489,0.3969010425715122,0.4829205102001627,0.4303954137342388,0.8197208197208197,nestorovski,100.0,0.584,0.32274761976349586
163,163,soppy,Udinese,D,0.5,0.11092606525759606,0.2176799920337127,0.49437014524944306,0.16974031236608794,0.39069764850413,0.5625138946071735,0.4674971824709328,0.8197208197208197,soppy,100.0,0.583,0.34477503435558227
164,164,zeegelaar,Udinese,D,0.4,0.3325756179909169,0.13388257266241527,0.3895125685901608,0.1771765493544848,0.6868176287539322,0.5690867026393176,0.4293601995767393,0.8197208197208197,zeegelaar,100.0,0.571,0.38834454850970956
165,165,walace,Udinese,C,0.8,0.5807371095531046,0.1905555420856793,0.33325074459059173,0.1334209561034951,0.7170432607033179,0.6200201193841224,0.3803709194993995,0.8197208197208197,walace,100.0,0.607,0.4221998074171015
166,166,jajalo,Udinese,C,0.35,0.22319943489243022,0.208986600547594,0.48542011014790853,0.15622374095137437,0.497509037102764,0.570467819670269,0.49987970994970443,0.8197208197208197,jajalo,100.0,0.614,0.377383779037435
167,167,samardzic,Udinese,C,0.55,0.23622410879757033,0.44673300853305425,0.7725206056775216,0.11524262028411233,0.6002614333545793,0.31598865281908683,0.48105857711843125,0.8197208197208197,samardzic,100.0,0.628,0.42400414379776513
168,168,nuytinck,Udinese,D,0.55,0.244496166367891,0.13160722129244268,0.37712055933561983,0.191584076038259,0.7049978538591778,0.5621336292165205,0.5503014882556794,0.8197208197208197,nuytinck,100.0,0.616,0.39460585633794143
169,169,pussetto,Udinese,A,0.55,0.25456617079138427,0.49663433691639314,0.8616038497043095,0.11184400315289571,0.7367837241335631,0.19568885672001013,0.5992793544485935,0.8197208197208197,pussetto,100.0,0.614,0.46520004226673567
170,170,makengo,Udinese,C,0.55,0.4789606276342602,0.2639671984502389,0.4324033708694207,0.11957661397932386,0.5988710437073179,0.6053961390640846,0.43183028495441017,0.8197208197208197,makengo,100.0,0.612,0.4187150398084366
171,171,arslan,Udinese,C,0.5,0.3172984231403998,0.21335296203179144,0.5758836376792017,0.18210259798044504,0.577315803229052,0.3760658388234936,0.2774797303276703,0.8197208197208197,arslan,100.0,0.585,0.359928427601722
172,172,mari,Udinese,D,0.6,0.45066338033270525,0.14164685449534475,0.17592731109531523,0.14991505051189583,0.5776324827622344,0.3355391950431806,0.9466307145455533,0.8197208197208197,mari,100.0,0.584,0.396850712683747
173,173,udogie,Udinese,D,0.6,0.5222416768958265,0.19291137410045264,0.4343264570252835,0.1388551989374101,0.7518505234662031,0.6275023958505862,0.3605806376385424,0.8197208197208197,udogie,100.0,0.61,0.43260975198775775
174,174,rodrigo becao,Udinese,D,0.9,0.5778156770464479,0.1639689043127609,0.23001829295290785,0.16562233942509774,0.6946138546975837,0.5296024602570429,0.41931345942080034,0.8197208197208197,becao,100.0,0.619,0.39727928401609164
175,175,pereyra,Udinese,C,0.8,0.7783418368265242,0.3931712102007488,0.9026350387875348,0.08734673785874453,0.6270561794187139,0.21034072412779764,0.46254141835299517,0.8197208197208197,pereyra,100.0,0.618,0.49449044936757985
176,176,molina n,Udinese,D,0.8,0.5757077283810969,0.2820827551156443,0.3207827790312859,0.12755209802731482,0.41172877377629435,0.6821979624799638,0.424121589760321,0.8197208197208197,molina,100.0,0.588,0.40345338379598866
177,177,perez n,Udinese,D,0.8,0.46081730347588495,0.10054687244482567,0.3651181507558131,0.1706022056252308,0.8903173810790378,0.5233310576061881,0.5002958238524958,0.8197208197208197,perez n,100.0,0.575,0.43014697069135377
178,178,dalbert,Cagliari,D,0.7,0.4706044099653937,0.20343003937835255,0.5088688672338946,0.14343200512325718,0.9152901648838168,0.5041706408927727,0.4944543373985639,0.6201711861839114,dalbert,100.0,0.576,0.46289292355372164
179,179,altare,Cagliari,D,0.8,0.5584759886058805,0.09314340039834738,0.3653526613790582,0.1581630955967755,0.6297026286026925,0.6257352509907596,0.5472024524339018,0.6201711861839114,altare,100.0,0.626,0.4253964968582022
180,180,strootman,Cagliari,C,0.4,0.2764320941534548,0.15991737019312727,0.45285027036803455,0.1717625873176562,0.43669755130231147,0.5062160942251595,0.468540094835428,0.6201711861839114,strootman,100.0,0.5660000000000001,0.35320229462788166
181,181,rog,Cagliari,C,0.8,0.2204510971791526,0.19877428967838343,0.4576008781709798,0.158528966374232,0.481129722597928,0.5465364744623176,0.4587612487023624,0.6201711861839114,rog,100.0,0.5730000000000001,0.3602546681664794
182,182,walukiewicz,Cagliari,D,0.3,0.37659038665168487,0.1109672477516778,0.44035006263856863,0.18769335653250954,0.5213066749030711,0.5761881529035491,0.3656528884102713,0.6201711861839114,walukiewicz,100.0,0.554,0.3683926813987618
183,183,baselli,Cagliari,C,0.55,0.2502831173683717,0.22092720235051744,0.466293148773371,0.1605562518984844,0.5225073275235698,0.6079040231979681,0.4368676944384473,0.6201711861839114,baselli,100.0,0.577,0.3807626807929614
184,184,goldaniga,Cagliari,D,0.35,0.5629084893504864,0.04748978413035328,0.3902439315595681,0.18715350292803468,0.5208036203536397,0.5515070845656794,0.4485215852266777,0.6201711861839114,goldaniga,100.0,0.513,0.38694685687349134
185,185,carboni,Cagliari,D,0.3,0.3448959092561577,0.12383510193292614,0.44477446002301835,0.17446212044722767,0.42808799040052403,0.6148731290339722,0.48333535682159007,0.6201711861839114,carboni,100.0,0.602,0.37346629541648796
186,186,zappa,Cagliari,D,0.35,0.26424194457955913,0.2094820856914398,0.4625719348790976,0.16312793839088216,0.6905347721483351,0.5769980989725294,0.39511857155374774,0.6201711861839114,zappa,100.0,0.546,0.394582192316513
187,187,lykogiannis,Cagliari,D,0.55,0.341228067065886,0.1728439600142435,0.33998400311661797,0.18396699706520483,0.5832095790164392,0.5445105266942594,0.39204473927693273,0.6201711861839114,lykogiannis,100.0,0.592,0.3653982674642262
188,188,joao pedro,Cagliari,A,0.8,0.4036512005102268,0.41282287214655794,0.21448325834737486,0.11439725129264881,0.49605221831323865,0.5064676304937968,0.3967704688210808,0.6201711861839114,joao pedro,100.0,0.606,0.36352069998927494
189,189,nandez,Cagliari,C,0.55,0.4683490279229799,0.22781069365582704,0.42958391779858585,0.12420862506626192,0.4847284345051113,0.7199393909632145,0.5051306104181909,0.6201711861839114,nandez,100.0,0.583,0.4228215286185959
190,190,ceppitelli,Cagliari,D,0.8,0.102809927248015,0.20368361763735926,0.5151828815852157,0.17764751169552337,0.24446531923078038,0.5214428922856873,0.4427153665564782,0.6201711861839114,ceppitelli,100.0,0.576,0.31542107374843703
191,191,grassi,Cagliari,C,0.8,0.5781788423624246,0.07404898869365124,0.18321769187959602,0.15767143740558048,0.5900495943792778,0.3879278639689499,0.9076503207771395,0.6201711861839114,grassi,100.0,0.607,0.41124924849523137
192,192,bellanova,Cagliari,D,0.8,0.45091214323710327,0.18563205573726793,0.4174159877790163,0.15242958341243545,0.7664797851338638,0.5824550232698137,0.4999921402781144,0.6201711861839114,bellanova,100.0,0.602,0.4364738169782307
193,193,lovato,Cagliari,D,0.4,0.46689592338756236,0.08369548407998657,0.2776608217323798,0.1792968584090215,0.854942319944323,0.47761100383708166,0.46027016860626346,0.6201711861839114,lovato,100.0,0.5700000000000001,0.40005322571380264
194,194,marin,Cagliari,C,0.55,0.5883070930143006,0.4526801539306606,0.8062521278324727,0.06822106181764484,0.6796279898372176,0.3538780995101194,0.5002605111892502,0.6201711861839114,marin,100.0,0.595,0.492746719590238
195,195,deiola,Cagliari,C,0.5,0.4088289699983095,0.26404302471272556,0.35051599745865614,0.13661314455113985,0.8249404526544901,0.5548270052631221,0.5002807700119563,0.6201711861839114,deiola,100.0,0.5860000000000001,0.4342927663786285
196,196,pavoletti,Cagliari,A,0.55,0.30222741309955115,0.2694804454778642,0.38148748823948825,0.1425942843403126,0.6084409030666059,0.6058949479222518,0.4962170654680314,0.6201711861839114,pavoletti,100.0,0.563,0.4009060782305865
197,197,pereiro,Cagliari,C,0.5,0.2057885933607084,0.23712173239011605,0.45986079356678444,0.15966832570723943,0.5736465520598005,0.5798032366174124,0.4943665606304344,0.6201711861839114,pereiro,100.0,0.5599999999999999,0.38717939919035654
198,198,keita b,Cagliari,A,0.55,0.2137763664829582,0.3183485371947345,0.3849425281824522,0.1283301017904064,0.39522705561135846,0.5126111131409008,0.4744277937730852,0.6201711861839114,keita,100.0,0.5820000000000001,0.3468090708822708
199,199,destro,Genoa,A,0.55,0.2377989608497396,0.31878897933870953,0.42666962491679983,0.1380110994593498,0.6315640732144978,0.5794003877814473,0.5543617133468308,0.288302455485118,destro,100.0,0.575,0.41237069127248205
200,200,ekuban,Genoa,A,0.5,0.4182719895727159,0.4093869790565635,0.6332621250978244,0.10987508171483606,0.8475798232708994,0.48632052068973364,0.5628236390738479,0.288302455485118,ekuban,100.0,0.5660000000000001,0.4953600226394887
201,201,hernani,Genoa,C,0.7,0.09240138261906845,0.2891844460861597,0.4297154401523802,0.14893161965586751,0.5524069916854178,0.685839469542368,0.5876001812519092,0.288302455485118,hernani,100.0,0.5690000000000001,0.39801136157045297
202,202,galdames,Genoa,C,0.8,0.5570309287590768,0.1826990705266823,0.41264265498736424,0.132657369425182,0.7818337475225516,0.8220518828544161,0.5594501451399769,0.288302455485118,galdames,100.0,0.5660000000000001,0.49262368560217856
203,203,bani,Genoa,D,0.55,0.29558117852442434,0.11336770342445951,0.32120705710702946,0.20121823225521718,0.9677701232992333,0.5040633834202662,0.3309058879591886,0.288302455485118,bani,100.0,0.5820000000000001,0.3905876522842598
204,204,piccoli,Genoa,A,0.6,0.18219659861683715,0.3070515442033483,0.40823967322827376,0.13999433051337645,0.6402713455183592,0.6869203149655545,0.5961887161484986,0.288302455485118,piccoli,100.0,0.54,0.4229803604563211
205,205,criscito,Genoa,D,0.8,0.2554230313341494,0.12510007201987922,0.41768923168081584,0.19722702916550647,0.44578019828613863,0.4637668447093542,0.4786349908279855,0.288302455485118,criscito,100.0,0.593,0.34051734257483274
206,206,badelj,Genoa,C,0.2,0.6543586262726518,0.0665466292205484,0.4671979689940616,0.15428279412849338,0.4020864806042186,0.7936601544888419,0.5383211396370312,0.288302455485118,badelj,100.0,0.612,0.43949339904940665
207,207,melegoni,Genoa,C,0.6,0.44825113030387453,0.27804916346563047,0.38110560466518023,0.11799189548699147,0.6825797588296209,0.6542846277981869,0.5133203671608235,0.288302455485118,melegoni,100.0,0.58,0.43936893538718685
208,208,rovella,Genoa,C,0.4,0.31468286109581023,0.19227735152496353,0.42564722102710256,0.1691048530858838,0.8730992168582351,0.6555651529948476,0.39934220155210237,0.288302455485118,rovella,100.0,0.589,0.432816979734135
209,209,cambiaso,Genoa,D,0.5,0.32024339906591065,0.14482582948449946,0.3093926463709073,0.16617450072164267,0.4890265785701153,0.3575609557434699,1.0,0.288302455485118,cambiaso,100.0,0.583,0.39817484427950645
210,210,amiri,Genoa,C,0.8,0.39774127222557687,0.2762527486559659,0.4141107146576076,0.11591499560419266,0.5626351145528774,0.7015314888536306,0.5243367306106202,0.288302455485118,amiri,100.0,0.593,0.4275032950229245
211,211,yeboah,Genoa,A,0.4,0.23648988606066168,0.25982298141517124,0.43945944520817914,0.1466084131540263,0.7304652103950513,0.673202781550032,0.4933336834242853,0.288302455485118,yeboah,100.0,0.599,0.42562605731534386
212,212,vasquez,Genoa,D,0.4,0.5505267257642878,0.11853211848323007,0.3306603973746946,0.15104511493831152,0.6595696707401512,0.6536883055406146,0.5366962364008472,0.288302455485118,vasquez,100.0,0.5549999999999999,0.42867408132030527
213,213,frendrup,Genoa,C,0.55,0.5718859759978376,0.13161773232522997,0.33913377346994955,0.156124997846364,0.9670300588568369,0.599871113847646,0.5317860784920702,0.288302455485118,frendrup,100.0,0.567,0.4710642472622763
214,214,hefti,Genoa,D,0.55,0.5753977993365889,0.09778338261787582,0.4236567387281711,0.16779423847810873,0.9730358562885536,0.7234462461528423,0.5093410030587601,0.288302455485118,hefti,100.0,0.5549999999999999,0.49577932352298576
215,215,portanova,Genoa,C,0.8,0.39135086497518845,0.3601745559179859,0.2540392925895461,0.11520561177504585,0.8375609624604807,0.7598049586953375,0.513726728022173,0.288302455485118,portanova,100.0,0.553,0.4616947106336796
216,216,gudmundsson a,Genoa,C,0.55,0.3178058397911649,0.24510370737385886,0.4676178354448371,0.1590565651750941,0.7867055901576027,0.6424476006613129,0.38056086356060276,0.288302455485118,gudmundsson,100.0,0.5820000000000001,0.4284711431663533
217,217,ostigard,Genoa,D,0.8,0.4504517251119794,0.14275398311090803,0.23146731113666685,0.15007176662047417,0.413853665137712,0.36023614912902274,0.9347361033327599,0.288302455485118,ostigard,100.0,0.601,0.3833672433685033
218,218,arnautovic,Bologna,A,0.8,0.6195961253021687,0.7529390718364775,0.2513841310190065,0.0345313627479922,0.3057297530681499,0.5957463228419223,0.3680972974727114,0.3015375975876992,arnautovic,100.0,0.6759999999999999,0.4182891520412041
219,219,barrow,Bologna,A,0.55,0.33830924829224157,0.27801485194529124,0.4668053727099547,0.12614487464363935,0.3671288213613767,0.6635557123232009,0.5192245609185882,0.3015375975876992,barrow,100.0,0.5730000000000001,0.3941690631706133
220,220,mbaye,Bologna,D,0.3,0.060302177576011515,0.2297304120345654,0.4839891205397876,0.17622898497306086,0.428423435874692,0.5553103267419499,0.491241293813354,0.3015375975876992,mbaye,100.0,0.6,0.3464608216504888
221,221,kasius,Bologna,D,0.5,0.13491463961592073,0.19117120293301357,0.4779813768811694,0.17642681107178174,0.37985061439603396,0.5070296442908261,0.4537110348285075,0.3015375975876992,kasius,100.0,0.614,0.33158361771675043
222,222,bonifazi,Bologna,D,0.4,0.17948459062565167,0.2362578866210244,0.4028131067801342,0.15244579167531638,0.5952786260266795,0.4457226906738199,0.9753457296956942,0.3015375975876992,bonifazi,100.0,0.576,0.4267640602997601
223,223,binks,Bologna,D,0.3,0.13449802292487636,0.16791201813641563,0.4529851624624781,0.1980081027260124,0.33827761935943695,0.3855721520816664,0.40192444123363047,0.3015375975876992,binks,100.0,0.571,0.29702535984635947
224,224,vignato,Bologna,C,0.4,0.0935244566339767,0.1942462848294406,0.488095618449354,0.18322774070895403,0.35548955493499657,0.48502469602037523,0.3939688277124664,0.3015375975876992,vignato,100.0,0.58,0.31336816846993765
225,225,dijks,Bologna,D,0.45,0.45316966974895007,0.23449508422655632,0.6409881662738788,0.12213824727102145,0.7125712846775608,0.5350913699973533,0.4622875353701703,0.3015375975876992,dijks,100.0,0.647,0.451534479652213
226,226,aebischer,Bologna,C,0.55,0.33661607639006313,0.21859911627190623,0.4384157900847221,0.1446455916161339,0.4520112701560247,0.521877956243714,0.42863052534971624,0.3015375975876992,aebischer,100.0,0.5820000000000001,0.36297090373032576
227,227,schouten,Bologna,C,0.8,0.6548117498420144,0.06961824608025044,0.44095218762553867,0.1585262541642139,0.5423631666196701,0.7223076808017295,0.5191432902176367,0.3015375975876992,schouten,100.0,0.65,0.4439603679072934
228,228,sansone,Bologna,A,0.5,0.22868287125530443,0.33015242656069654,0.44054653123393717,0.13725434407351653,0.5319946276061296,0.632031924892779,0.4309219536724605,0.3015375975876992,sansone n,100.0,0.589,0.39022638275640337
229,229,soumaoro,Bologna,D,0.85,0.4459635420493079,0.08659767520031744,0.25923469094216817,0.16723802938993634,0.42946477009692907,0.3244644929655172,0.8168769273026365,0.3015375975876992,soumaoro,100.0,0.597,0.3614057325638304
230,230,medel,Bologna,C,0.85,0.5453073740466043,0.07413674746067998,0.22942828527455977,0.16416662714399,0.3701416894941458,0.3235342180312826,0.8726487316494556,0.3015375975876992,medel,100.0,0.584,0.36848052472867404
231,231,dominguez,Bologna,C,0.55,0.39729945479457823,0.21559070922253734,0.3996702266131216,0.14538161073697878,0.6426537741770546,0.618506555678089,0.5174891020672941,0.3015375975876992,dominguez,100.0,0.589,0.41951306189852194
232,232,soriano,Bologna,C,0.7,0.46613609678466994,0.2623194983708163,0.7229947759448397,0.12966809591399192,0.4376425476377918,0.5220035393085214,0.5366325201744532,0.3015375975876992,soriano,100.0,0.606,0.43962815344786926
233,233,hickey,Bologna,D,0.8,0.5413741584678332,0.1307593311592638,0.44794063768972436,0.1641305263755224,0.5877639514882927,0.49743085344820925,0.45932368702549575,0.3015375975876992,hickey,100.0,0.595,0.40410330652204873
234,234,theate,Bologna,D,0.55,0.5578272795981116,0.07849299924621701,0.33328391707317523,0.18312080642968284,0.6425611779622987,0.48009364294855705,0.41452654752756174,0.3015375975876992,theate,100.0,0.558,0.3842723386836578
235,235,de silvestri,Bologna,D,0.55,0.40511311261244,0.1468330833978937,0.4448611910283387,0.1716077655012357,0.4620209033116314,0.5694513238377056,0.4699086607988613,0.3015375975876992,de silvestri,100.0,0.5740000000000001,0.38139943435544377
236,236,svanberg,Bologna,C,0.6,0.4579945217067258,0.2542501588462006,0.4091264224932792,0.12557888902347303,0.6275747041806703,0.6649808073988458,0.37479951737789485,0.3015375975876992,svanberg,100.0,0.583,0.4163292887181556
237,237,orsolini,Bologna,C,0.55,0.4705199145622141,0.40866860295270613,0.32786725797143723,0.093367345600752,0.5590089060502172,0.6981142557872683,0.40054699797321325,0.3015375975876992,orsolini,100.0,0.612,0.4225847544139726
238,238,bajrami,Empoli,C,0.55,0.4063604141021748,0.21407837808752306,0.5026818489083372,0.129832272494542,0.4475527852648329,0.6922703526859211,0.497672118828787,0.4934845559845559,bajrami,100.0,0.5940000000000001,0.41292116719601685
239,239,pinamonti,Empoli,A,0.8,0.48917480165807004,0.5463331980051894,0.49000510185721047,0.40790426341436414,0.5932203677766922,0.5067846200463215,0.6254486135727908,0.4934845559845559,pinamonti,100.0,0.643,0.5226958523329484
240,240,cacace,Empoli,D,0.5,0.4123709331521001,0.11067510066143511,0.41571191501256827,0.1598891406716294,0.55454184762245,0.6915151390321163,0.4855248467317039,0.4934845559845559,cacace,100.0,0.5780000000000001,0.4043184175548576
241,241,ismajli,Empoli,D,0.3,0.40755016864556154,0.08577935453924522,0.4877773886887083,0.1951679643183387,0.277571818173631,0.5350681393831787,0.24067153632003288,0.4934845559845559,ismajli,100.0,0.542,0.31851233858124234
242,242,luperto,Empoli,D,0.85,0.45257575648833115,0.12411251642501936,0.1788641596798804,0.16615515198071873,0.3514870110790022,0.19665995484522342,0.8730231023214455,0.4934845559845559,luperto,100.0,0.5980000000000001,0.3346968075456601
243,243,fiamozzi,Empoli,D,0.25,0.44392766066573647,0.045042237309313435,0.4728114914670199,0.20015630436250265,0.10687610556729682,0.5380400817182165,0.500389418668277,0.4934845559845559,fiamozzi,100.0,0.562,0.32960618567976613
244,244,asllani,Empoli,C,0.85,0.5496861494166436,0.15173610074942767,0.34796662017167135,0.14348467061519304,0.404264757007229,0.5171076289773376,0.4568711607850003,0.4934845559845559,asllani,100.0,0.64,0.36730244110321475
245,245,benassi,Empoli,C,0.55,0.34921603557095304,0.262960851248841,0.3711482135115288,0.12426441694205614,0.5198996183793164,0.6261041657355433,0.4772164861126059,0.4934845559845559,benassi,100.0,0.584,0.3901156839286921
246,246,viti,Empoli,D,0.4,0.45219602379954427,0.1402561361225756,0.30522769188121524,0.16952917270144838,0.5632205248508162,0.5769900280628116,0.47731522394368225,0.4934845559845559,viti,100.0,0.628,0.3835335430517276
247,247,parisi,Empoli,D,0.55,0.4721043069403035,0.07290517172929807,0.362338232554945,0.1870476448645951,0.8239853478510786,0.4562568679478052,0.4705622976936349,0.4934845559845559,parisi,100.0,0.599,0.4064571242259515
248,248,stulac,Empoli,C,0.4,0.296899175946389,0.15752618646594946,0.5265628561140493,0.17541335154136814,0.2729234977233801,0.6082957260680335,0.44962165380941294,0.4934845559845559,stulac,100.0,0.588,0.3553203496669403
249,249,stojanovic,Empoli,D,0.8,0.5947379813661656,0.08638984695784882,0.48974117214120183,0.15990142175285135,0.4446929894029071,0.7584824776964345,0.47062369422804223,0.4934845559845559,stojanovic,100.0,0.558,0.42922422622077877
250,250,cutrone,Empoli,A,0.55,0.07686022213585512,0.24312809043543582,0.4652806565934782,0.16822513016577315,0.5810913274781236,0.6449945156872263,0.5638334554838944,0.4934845559845559,cutrone,100.0,0.5940000000000001,0.3919161997113981
251,251,bandinelli,Empoli,C,0.8,0.5154133619719129,0.15378801693190466,0.4671940802959349,0.1564001718775331,0.7434601340475308,0.6646323406413759,0.48003939938443035,0.4934845559845559,bandinelli,100.0,0.587,0.4544182150215175
252,252,la mantia,Empoli,A,0.5,0.22394352468313028,0.41665154287720124,0.40502176226752623,0.11030846224449364,0.4118590246238802,0.5244972145420959,0.5050126839160736,0.4934845559845559,la mantia,100.0,0.601,0.37104203073634306
253,253,zurkowski,Empoli,C,0.85,0.5141044527318364,0.1382745027918259,0.26929821523363406,0.1529713003753314,0.9129324845714261,0.5745353806466912,0.4353648777967135,0.4934845559845559,zurkowski,100.0,0.625,0.4282116020210655
254,254,verre,Empoli,C,0.55,0.2397204179256807,0.15009340798581353,0.47677488379920085,0.21341134997041034,0.5744849773765953,0.4647934376227416,0.10965436866144833,0.4934845559845559,verre,100.0,0.5700000000000001,0.31841897762027005
255,255,di francesco f,Empoli,A,0.15,0.2576203220981174,0.2795069695635602,0.31780804068946866,0.1623778187711021,0.6207747331005811,0.5549659236867626,0.43940558029866683,0.4934845559845559,di francesco,100.0,0.6,0.3760656268868941
256,256,romagnoli s,Empoli,D,0.8,0.44446394348544593,0.0782708989985042,0.41498487744309775,0.19398997670738166,0.4661723022134339,0.48083091086612767,0.3868208646207104,0.4934845559845559,romagnoli s,100.0,0.5660000000000001,0.35221911061924305
257,257,henderson l,Empoli,C,0.55,0.2004465745543807,0.22790519402595197,0.4349266126783139,0.15382872304053744,0.45742971615251027,0.5281005152525624,0.4968441536823626,0.4934845559845559,henderson,100.0,0.604,0.35706878419808846
258,258,candreva,Sampdoria,C,0.9,0.7511941139969225,0.207240212336788,0.47976809733220266,0.27786311269169195,0.18866958759894917,0.7902297792604829,0.5526295295514243,0.8138277665760789,candreva,100.0,0.614,0.4639420618240659
259,259,yoshida,Sampdoria,D,0.4,0.21843263543390706,0.1892917428256363,0.45361503652782587,0.16798675954785522,0.3078089140252837,0.5201750949793107,0.5050824025308938,0.8138277665760789,yoshida,100.0,0.501,0.3374846551243875
260,260,damsgaard,Sampdoria,C,0.5,0.48646899406989197,0.23621141262563575,0.4704777102471414,0.11936688744693665,0.7954758647848016,0.8155453076049175,0.4303611514881464,0.8138277665760789,damsgaard,100.0,0.585,0.4791296183239244
261,261,murru,Sampdoria,D,0.55,0.4203038187620197,0.11819760817642286,0.3533850446203916,0.17200113638717374,0.8391349868934824,0.5980737925870866,0.5172294171605495,0.8138277665760789,murru,100.0,0.5589999999999999,0.4311894006553038
262,262,vieira,Sampdoria,C,0.55,0.23796880030226558,0.16339560602245268,0.4825267126977572,0.16970199545173736,0.39902305722201126,0.5545576116004559,0.4447869449887339,0.8138277665760789,vieira,100.0,0.604,0.3502801040407734
263,263,ekdal,Sampdoria,C,0.55,0.45553248514360584,0.11607381345143049,0.4489804530514693,0.1776918908334337,0.632204697776005,0.6206844833341695,0.33733447691771984,0.8138277665760789,ekdal,100.0,0.611,0.39835747150111905
264,264,bereszynski,Sampdoria,D,0.9,0.7167254243405073,0.0,0.4572788983139521,0.18077119386940102,0.25801287691148683,0.6174361155072349,0.4523818254826769,0.8138277665760789,bereszynski,100.0,0.596,0.38322947634646554
265,265,rincon,Sampdoria,C,0.8,0.49120703708558316,0.07623096668063141,0.42569129143720164,0.1718638589609957,0.4037289000604578,0.5685934506748868,0.4970102115876588,0.8138277665760789,rincon,100.0,0.5900000000000001,0.37633224521248787
266,266,conti,Sampdoria,D,0.5,0.28470198073197606,0.2235424724133846,0.38346483507099627,0.16733572965680607,0.4811034242995062,0.4769260719467913,0.3227828489077843,0.8138277665760789,conti,100.0,0.563,0.3342653375753207
267,267,sabiri,Sampdoria,C,0.9,0.5092438233395656,0.388295009133764,0.5604952691469961,0.10608359168339994,1.0,0.4047790591972348,0.26686274746174266,0.8138277665760789,sabiri,100.0,0.631,0.462251357137529
268,268,giovinco,Sampdoria,A,0.2,0.10313536990335657,0.24642813255928853,0.48479545406734226,0.16552755710191674,0.44291465182749906,0.6029985302602715,0.507060143216303,0.8138277665760789,giovinco,100.0,0.5269999999999999,0.36469426270513966
269,269,caputo,Sampdoria,A,0.8,0.44959400266826677,0.6652638950735439,0.1253438433371839,0.059799528957716445,0.2213143538580304,0.48306871314096456,0.4041901491248231,0.8138277665760789,caputo,100.0,0.606,0.34408206945150416
270,270,thorsby,Sampdoria,C,0.9,0.5036151472255107,0.16526025813945294,0.3664845465203358,0.15193852150049428,0.5370981463288056,0.5869610751397958,0.48860098241451766,0.8138277665760789,thorsby,100.0,0.601,0.39999409675270187
271,271,augello,Sampdoria,D,0.6,0.3180902432585892,0.1499987369619367,0.5040917964735149,0.16320028716564763,0.2602609111249954,0.5674465714926682,0.5029104717392072,0.8138277665760789,augello,100.0,0.606,0.352285574030937
272,272,quagliarella,Sampdoria,A,0.55,0.3074494203040325,0.27255790749111336,0.45070133101425697,0.1277636739479841,0.5056005755040073,0.6972689782936792,0.5137777720962435,0.8138277665760789,quagliarella,100.0,0.637,0.410731379807331
273,273,ferrari a,Sampdoria,D,0.85,0.5791397167277559,0.02444911718043138,0.3591212479677864,0.1892540477748575,0.4092816268454454,0.45515838429770933,0.37369713714103997,0.8138277665760789,ferrari a,100.0,0.583,0.34144303970500367
274,274,kokorin,Fiorentina,A,0.2,0.06711068455214704,0.23534539067935742,0.514075108862319,0.17150076317550442,0.4322581349426783,0.6623197229922491,0.4820784797701952,0.9329225761450826,kokorin,100.0,0.55,0.36638404071063574
275,275,venuti,Fiorentina,D,0.55,0.540099511342762,0.11765561529194103,0.4404651156718755,0.15984849932990602,0.24870485763051275,0.526852279319179,0.4012426798368639,0.9329225761450826,venuti,100.0,0.562,0.3478383654890057
276,276,terzic,Fiorentina,D,0.35,0.13072589813533717,0.18738521453044704,0.4958978524500872,0.18189546302880535,0.2752574333744261,0.49401154984547996,0.4348639595985203,0.9329225761450826,terzic,100.0,0.581,0.31429105299472904
277,277,amrabat,Fiorentina,C,0.55,0.30135947808407565,0.17575935263614925,0.4748913608313442,0.1557318786516751,0.2820791101804382,0.5620882793578613,0.4389220831213377,0.9329225761450826,amrabat,100.0,0.619,0.3415473632661259
278,278,odriozola,Fiorentina,D,0.5,0.5810838840998634,0.20180418001514877,0.7599932442104091,0.15957645899615275,0.48067170043814295,0.5156260190269942,0.481773545333772,0.9329225761450826,odriozola,100.0,0.63,0.4543612903029262
279,279,igor,Fiorentina,D,0.55,0.6732111186302027,0.018021144233992165,0.44102004274851386,0.17149816702829604,0.40709190868310435,0.5272963790650276,0.4753315482161072,0.9329225761450826,igor,100.0,0.5740000000000001,0.38763861551503487
280,280,callejon,Fiorentina,C,0.4,0.09864743338502152,0.24247656206953938,0.4605728684216677,0.16670943477371145,0.4421137230583642,0.5170739522546209,0.4607198365461027,0.9329225761450826,callejon,100.0,0.55,0.3411876872155754
281,281,saponara,Fiorentina,C,0.55,0.5032192323091629,0.39837035007916116,0.5120463779459122,0.07733086387016218,0.23135015584921081,0.8113553789038619,0.32711060574678225,0.9329225761450826,saponara,100.0,0.611,0.4086832806720362
282,282,milenkovic,Fiorentina,D,0.8,0.5895216445215485,0.05235146872593279,0.35191735347659175,0.1793900367902492,0.2739593484674888,0.36876575863727185,0.3280223567271137,0.9329225761450826,milenkovic,100.0,0.563,0.30627542390659956
283,283,duncan,Fiorentina,C,0.85,0.4325762174838429,0.1925474426398375,0.4973545425806919,0.15191118164406658,0.4880002674477701,0.6145078313363727,0.4406326331777026,0.9329225761450826,duncan,100.0,0.581,0.4025043023300406
284,284,biraghi,Fiorentina,D,0.85,0.7721309308059603,0.24935705197821753,0.6328810250052622,0.09033774611833441,0.09156555182188221,0.4871607539882131,0.4980199299843173,0.9329225761450826,biraghi,100.0,0.605,0.40306471281459816
285,285,piatek,Fiorentina,A,0.55,0.23613093398377424,0.31673704388824386,0.3659776247878691,0.12968553079839956,0.37501271139901615,0.5597358790141577,0.4162375426099673,0.9329225761450826,piatek,100.0,0.558,0.3427881809259183
286,286,ikone,Fiorentina,C,0.55,0.3046874361451976,0.38417885043205763,0.3803030355229792,0.12142143815317066,0.43193775380100796,0.6394020693220223,0.36426433870397057,0.9329225761450826,ikone,100.0,0.5740000000000001,0.37517070315434375
287,287,sottil,Fiorentina,C,0.35,0.19411273034980253,0.20547987752061217,0.5053822861267597,0.18075126049082782,0.4603308019165404,0.5020979028612494,0.3938354493915988,0.9329225761450826,sottil,100.0,0.575,0.3488557583796273
288,288,bonaventura,Fiorentina,C,0.85,0.4675180654653586,0.27977771624041814,0.20933329751346366,0.11448790971204324,0.44327241969226777,0.4154544315268276,0.7722206088506144,0.9329225761450826,bonaventura,100.0,0.563,0.3860092070001419
289,289,torreira,Fiorentina,C,0.75,0.7431838722048046,0.5484928581547257,0.09796224707950708,0.0814038816955567,0.2514944933220792,0.41643484852185503,0.14112341573661502,0.9329225761450826,torreira,100.0,0.628,0.3257279452450206
290,290,martinez quarta,Fiorentina,D,0.5,0.0683531627521736,0.22642149568272865,0.5068190984659022,0.17443262308084653,0.3813953707249587,0.6175001851321102,0.5224207884809847,0.9329225761450826,martinez lu,84.0,0.5509999999999999,0.3567632463313864
291,291,gonzalez n,Fiorentina,A,0.9,0.7367309247467491,0.6750581616517096,0.601010148059968,0.0,0.49575509283762115,0.5556139473312091,0.48815656645542377,0.9329225761450826,gonzalez n,100.0,0.604,0.5074749772975259
292,292,brekalo,Torino,A,0.6,0.46968049327162437,0.26241890989036015,0.5308838821539489,0.12660785537309036,0.24332650636624867,0.6744800567968253,0.5033555020517763,0.4356074559787814,brekalo,100.0,0.62,0.40153617227198196
293,293,belotti,Torino,A,0.9,0.4820722101950326,0.694144700656902,0.22766219761584341,0.37442998243700953,0.44070168068200644,0.49945457451658054,0.44610564779897577,0.4356074559787814,belotti,100.0,0.639,0.4520815705574787
294,294,pellegri,Torino,A,0.3,0.1705528375861473,0.3660777222633918,0.32690339956452025,0.15322839065845073,0.3670560569930772,0.433536680558761,0.29355916531509024,0.4356074559787814,pellegri,100.0,0.625,0.3015591789913484
295,295,izzo,Torino,D,0.55,0.4670990981683252,0.13951089262033123,0.310376046528791,0.16484752838616396,0.6145359554937039,0.45859648390796237,0.285474176951817,0.4356074559787814,izzo,100.0,0.626,0.34863431172244214
296,296,linetty,Torino,C,0.35,0.13978838397798263,0.1920851923746657,0.4964260281472302,0.1860070866567741,0.32392552629778976,0.4648408508187364,0.3957991416060728,0.4356074559787814,linetty,100.0,0.577,0.31412460141132165
297,297,aina,Torino,D,0.8,0.2976555044090975,0.18818428279929297,0.4789254225375823,0.1589377588518024,0.12360727174347445,0.5405934361173191,0.44439043841610515,0.4356074559787814,ola aina,100.0,0.592,0.31889915926781054
298,298,zima,Torino,D,0.85,0.2609177201850377,0.12591130624800892,0.41446313776296523,0.19009767139675754,0.48116267448892236,0.42680806731121185,0.3952572890856686,0.4356074559787814,zima,100.0,0.618,0.32780255235408173
299,299,djidji,Torino,D,0.35,0.4495095094118498,0.1372553408007031,0.33198732044232665,0.15867876645730278,0.626739432200167,0.5145774797930178,0.4009938019514693,0.4356074559787814,djidji,100.0,0.585,0.3742488072938338
300,300,mandragora,Torino,C,0.6,0.6013236136422696,0.251699251146636,0.5002984969273483,0.1284510637386653,0.4622951372630424,0.4201608591551223,0.4287068989717012,0.4356074559787814,mandragora,100.0,0.628,0.3989907601206836
301,301,seck,Torino,A,0.4,0.08322116312571273,0.2592044424104389,0.4712802232846494,0.1677483175870512,0.5508848293498793,0.7067132436396498,0.5579474816877474,0.4356074559787814,seck d,100.0,0.634,0.3995713858693041
302,302,ansaldi,Torino,D,0.55,0.163273910596777,0.19265552122827398,0.4896864975706814,0.18796507286977968,0.43838702437918975,0.5902170457667983,0.35263357705006454,0.4356074559787814,ansaldi,100.0,0.603,0.34497409278022356
303,303,vojvoda,Torino,D,0.8,0.6016186673506874,0.15649446662463398,0.4478715715584229,0.13798833963628607,0.3964189508243779,0.6759429111855817,0.5082199814761398,0.4356074559787814,vojvoda,100.0,0.631,0.41779355552230424
304,304,pjaca,Torino,A,0.55,0.37775757329793214,0.24422765386807638,0.3657425393305174,0.13160761452403805,0.3602276665387219,0.5442833231489463,0.3980581691104734,0.4356074559787814,pjaca,100.0,0.561,0.3459863628312436
305,305,lukic,Torino,C,0.9,0.6053472066706853,0.17079341895753458,0.5102304248450275,0.16213176709021354,0.6110974164938827,0.4707647477308853,0.40984896165936296,0.4356074559787814,lukic,100.0,0.647,0.420030563349656
306,306,praet,Torino,C,0.55,0.41008683214373753,0.29318775910650186,0.4186190717527884,0.13492786145751967,0.4799231020300234,0.6166714287446013,0.4651439605472506,0.4356074559787814,praet,100.0,0.583,0.40265143082606036
307,307,sanabria,Torino,A,0.5,0.08905088603943154,0.2336370883852262,0.4709887554162848,0.167908883286184,0.4905697266515137,0.5535089268098329,0.5272476251933181,0.4356074559787814,sanabria,100.0,0.608,0.36184455596882736
308,308,pobega,Torino,C,0.55,0.6369262332986665,0.2666546328659069,0.44055541740290993,0.1353551465476977,0.7806880784481955,0.42010859311286003,0.3548783640316247,0.4356074559787814,pobega,100.0,0.608,0.4335952093868373
309,309,rodriguez r,Torino,D,0.85,0.4823684808193506,0.1484743321999105,0.6162457487919925,0.15627125814772505,0.373235944978031,0.30907542234250335,0.48573342674613196,0.4356074559787814,rodriguez r,100.0,0.635,0.36734351628937784
310,310,ricci s,Torino,C,0.55,0.3949491728230308,0.17990680804328293,0.37439851844222305,0.1557702231361757,0.35119825787990383,0.4769185537265091,0.4410064436496993,0.4356074559787814,ricci s,100.0,0.624,0.3391639968144035
311,311,verde,Spezia,A,0.55,0.33423362709005383,0.5219252469944972,0.5727284737102092,0.24353136504998787,0.4775719620337598,0.39949233285371344,0.5678418149457773,0.2817199900612403,verde,100.0,0.647,0.4453321175254284
312,312,kiwior,Spezia,D,0.8,0.4765460102016055,0.15985554977605462,0.29663087440645364,0.15406453582962384,0.6302638031748277,0.495308556230492,0.5305244918970872,0.2817199900612403,kiwior,100.0,0.567,0.3918848316451635
313,313,antiste,Spezia,A,0.55,0.06680475937109351,0.22422919435726454,0.4561399276855779,0.17801842591497455,0.6057853682098265,0.6369940101150077,0.5231430566676183,0.2817199900612403,antiste,100.0,0.5820000000000001,0.38444496318876614
314,314,bourabia,Spezia,C,0.5,0.13505234139665548,0.17111381449144158,0.4537450191926076,0.1892397981618063,0.41019691955627874,0.4233669807027317,0.4147307293648377,0.2817199900612403,bourabia,100.0,0.5780000000000001,0.31392080040947984
315,315,sala,Spezia,D,0.5,0.19500233605834597,0.20099489127892228,0.4234130494768846,0.1713680558415865,0.5464231379671979,0.5248594061186203,0.4660567284660314,0.2817199900612403,sala j,100.0,0.5690000000000001,0.36115965788679844
316,316,ferrer,Spezia,D,0.55,0.15241507159413004,0.20137858626363284,0.4727204470152215,0.17125049163072498,0.44181216862037126,0.5933814935611601,0.5564472240582142,0.2817199900612403,ferrer,100.0,0.63,0.3699150689633507
317,317,amian,Spezia,D,0.6,0.5662606435728221,0.16640462605999956,0.2939463200290731,0.14960307136383383,0.7076955772422255,0.6064093143679286,0.4739112144061113,0.2817199900612403,amian,100.0,0.593,0.4234615381488563
318,318,nikolaou,Spezia,D,0.8,0.5092934473970525,0.08291522056092815,0.35924406344054166,0.18018747465668447,0.5063774733340235,0.5263838643045046,0.5091040502918038,0.2817199900612403,nikolaou,100.0,0.5559999999999999,0.38192937056936266
319,319,nzola,Spezia,A,0.2,0.18500730496243864,0.27543796075175236,0.4139416062546683,0.14081923820516518,0.4563541190635781,0.5196357409585389,0.4397225044201917,0.2817199900612403,nzola,100.0,0.513,0.3472740678023333
320,320,kovalenko,Spezia,C,0.7,0.28762845841369655,0.19414113655983514,0.46367742428237946,0.16526152192161278,0.6622730770060148,0.5260004168200787,0.48572246345492653,0.2817199900612403,kovalenko,100.0,0.5599999999999999,0.39781492835122056
321,321,maggiore,Spezia,C,0.8,0.5029591282141984,0.22915477335932244,0.28377732394977323,0.1488516758157936,0.6267587736566388,0.5436452043441924,0.3580128123755526,0.2817199900612403,maggiore,100.0,0.638,0.3847370988164959
322,322,manaj,Spezia,A,0.7,0.2566684164224067,0.4136465371647324,0.2829523251354517,0.1082119039782999,0.53308392457295,0.5783536773458623,0.3499649813200516,0.2817199900612403,manaj,100.0,0.5980000000000001,0.3604116808485363
323,323,agudelo,Spezia,C,0.55,0.3795913374364636,0.30257192363478064,0.3814945259847231,0.10733383842028951,0.6471859281139734,0.7141760363240814,0.4778724788390673,0.2817199900612403,agudelo,100.0,0.597,0.430032295536197
324,324,erlic,Spezia,D,0.8,0.46942622585892774,0.2050830871286643,0.22797677800333374,0.16493178919027757,0.6060366388964752,0.407826984286919,0.45285961620497617,0.2817199900612403,erlic,100.0,0.549,0.36202015993851056
325,325,salcedo e,Spezia,A,0.55,0.27305304442480854,0.2574474377685209,0.4302570078610225,0.1591898581535132,0.37455524564637027,0.5323168563242942,0.3088274389541645,0.2817199900612403,salcedo,100.0,0.558,0.3336638413046706
326,326,aramu,Venezia,C,0.8,0.49198155425733664,0.45601879035585446,0.472906620653607,0.2550073083875438,0.5103593488643672,0.7192638696038643,0.5438014188680201,0.3088631637260549,aramu,100.0,0.623,0.4927627015700848
327,327,cuisance,Venezia,C,0.8,0.4935459535983862,0.2001285436966337,0.3134025771560557,0.13901959608017458,0.9187205410141517,0.7302183759957043,0.4619560137680839,0.3088631637260549,cuisance,100.0,0.564,0.46528451447274144
328,328,peretz,Venezia,C,0.7,0.095739433540605,0.19118042188574844,0.44508392941458746,0.21031035511359242,0.6100384223871654,0.3522814466835341,0.05063262446274806,0.3088631637260549,peretz,100.0,0.602,0.27932380478399726
329,329,fiordilino,Venezia,C,0.4,0.2807749806717629,0.15368910500837163,0.42090333224873966,0.16919856051565277,0.5788890246851907,0.5380933300722117,0.41659529363949904,0.3088631637260549,fiordilino,100.0,0.572,0.3654490895487755
330,330,mateju,Venezia,D,0.55,0.48151174647558354,0.2367984870254862,0.6572063591978836,0.15349991487694825,0.8067875984694851,0.34091393471615095,0.45750344537559107,0.3088631637260549,mateju,100.0,0.5549999999999999,0.44774592659101836
331,331,ebuehi,Venezia,D,0.5,0.37457166941833603,0.18936462180501423,0.415116675072611,0.15384202882986095,0.4758182902061907,0.5582719408706377,0.5297888514348016,0.3088631637260549,ebuehi,100.0,0.5940000000000001,0.3852534396624932
332,332,nani,Venezia,A,0.35,0.2185444728401954,0.2302771757174703,0.5312540833436588,0.16106804464499844,0.4395762399280587,0.5996180979568009,0.42497798813174564,0.3088631637260549,nani,100.0,0.53,0.37218801465184687
333,333,caldara,Venezia,D,0.7,0.4874034527007008,0.11901722534954956,0.3726060865258946,0.16014682842457173,0.33358342573476407,0.5161690499581882,0.4611515329448831,0.3088631637260549,caldara,100.0,0.584,0.3500110859483646
334,334,johnsen,Venezia,A,0.55,0.30236282021472294,0.2298408106562207,0.5852531495776729,0.15306944091062336,0.8145362190431443,0.4993558681445947,0.6273463686394343,0.3088631637260549,johnsen,100.0,0.585,0.4588235253123448
335,335,haps,Venezia,D,0.6,0.5288278444285097,0.09150251924357083,0.3114247688385605,0.18598540870510108,0.7720650493175105,0.47445163809450946,0.3624619628806424,0.3088631637260549,haps,100.0,0.584,0.3895313130726293
336,336,busio,Venezia,C,0.5,0.3831433529994084,0.16566705085622233,0.3105128456510615,0.18219743990569817,0.8640501222613226,0.47363547067694833,0.34338450359692113,0.3088631637260549,busio,100.0,0.554,0.38894154084965465
337,337,henry,Venezia,A,0.55,0.3437504351980488,0.5681436563784991,0.0,0.06664003876121793,0.46945677465334706,0.36652200492603737,0.788860925726739,0.3088631637260549,henry,100.0,0.615,0.37191054794912703
338,338,ampadu,Venezia,D,0.8,0.5270254558051565,0.10628644178470473,0.3607445872383207,0.1602476407093278,0.5792766005283089,0.5928419943598269,0.4269502283303579,0.3088631637260549,ampadu,100.0,0.617,0.393338992679429
339,339,ceccaroni,Venezia,D,0.7,0.5082238703620879,0.13847927513323727,0.2825645771624253,0.164641285101635,0.40210027453701286,0.4098996137829309,0.380740536116245,0.3088631637260549,ceccaroni,100.0,0.596,0.32666420459936774
340,340,crnigoj,Venezia,C,0.55,0.30661781953815204,0.20825478048397122,0.38422643059738165,0.15310501829772502,0.6958647898716638,0.602075584017585,0.5667752233273488,0.3088631637260549,crnigoj,100.0,0.596,0.4167028065905468
341,341,nsame,Venezia,A,0.55,0.1635794388422661,0.31772634480564504,0.4379333506519203,0.14012336927818358,0.4734046883268463,0.6165724545618279,0.5591753928417246,0.3088631637260549,nsame,100.0,0.562,0.38693071990120204
342,342,ruggeri,Salernitana,D,0.55,0.2806264869160059,0.1691595985645879,0.4629885252407346,0.17320197689869268,0.4576071313162896,0.5105027121273049,0.4730843131240444,0.4988611606258664,ruggeri,100.0,0.618,0.36102439202680864
343,343,fazio,Salernitana,D,0.9,0.5467834969720664,0.13548648591042156,0.17548049707693938,0.1596343625172062,0.4575886203598679,0.3384365392969014,0.8741693819465018,0.4988611606258664,fazio,100.0,0.646,0.383939912011415
344,344,gagliolo,Salernitana,D,0.3,0.06534240304597813,0.2409646596378797,0.5284702891710249,0.16811994449257095,0.44769595685475505,0.7625846474675411,0.547509926412485,0.4988611606258664,gagliolo,100.0,0.5980000000000001,0.3943839752974621
345,345,gyomber,Salernitana,D,0.9,0.5051796625095798,0.06505716456428494,0.31202074978481686,0.1904690761903575,0.8252853597916202,0.4747245555375575,0.4175203590707718,0.4988611606258664,gyomber,100.0,0.621,0.39860813249271265
346,346,obi,Salernitana,C,0.55,0.19963537966422987,0.19266368177198645,0.43755577102573173,0.1671587017754918,0.7130192840519254,0.6792801753196388,0.4872177333995475,0.4988611606258664,obi,100.0,0.603,0.4109329610012216
347,347,dragusin,Salernitana,D,0.3,0.12400959053913933,0.1756079457019552,0.4233373891768863,0.20232261618856834,0.556492348749106,0.5035600167719337,0.5482622764258432,0.4988611606258664,dragusin,100.0,0.541,0.36194174050763317
348,348,bohinen,Salernitana,C,0.8,0.33762840711156056,0.13184246191156082,0.38081913140232004,0.18958365246588926,0.7813855896334455,0.5309816964416418,0.24375009535593004,0.4988611606258664,bohinen,100.0,0.633,0.37085586204604976
349,349,kastanos,Salernitana,C,0.6,0.31512417630395795,0.31739018223318727,0.40858104610683044,0.1248879898544126,0.5810712873076349,0.6658899500323808,0.3825856814818207,0.4988611606258664,kastanos,100.0,0.62,0.3993614733314606
350,350,bonazzoli,Salernitana,A,0.6,0.48562778760869096,0.4768991262290192,0.19128724094138855,0.08770329646864351,0.4409826957084758,0.5322179547662095,0.22838578727001516,0.4988611606258664,bonazzoli,100.0,0.6559999999999999,0.34901484128463467
351,351,mazzocchi,Salernitana,D,0.9,0.4780939516482521,0.17110737424006336,0.5521178279727855,0.1450271295436216,0.657869810783769,0.5012255490074315,0.48348518650469774,0.4988611606258664,mazzocchi,100.0,0.642,0.42698954710008874
352,352,mikael,Salernitana,A,0.3,0.08892809334786685,0.25616709911623564,0.4535094229526191,0.16194813097327068,0.3892755063580831,0.5112167395749632,0.4579808498740234,0.4988611606258664,mikael,100.0,0.567,0.33128940602815166
353,353,verdi,Salernitana,C,0.6,0.3310844035382419,0.29802969324269996,0.4944405125904021,0.1249703813365953,0.44247631946666766,0.6845054525149148,0.4123087129127979,0.4988611606258664,verdi,100.0,0.629,0.3982593536574743
354,354,ribery,Salernitana,A,0.55,0.3428915470456993,0.24655789657086452,0.5527137101949281,0.14810114989293116,0.6768983709616384,0.4646730438324839,0.39221073520829497,0.4988611606258664,ribery,100.0,0.5820000000000001,0.4034352076724058
355,355,mousset,Salernitana,A,0.3,0.22777849943514622,0.3008797751130738,0.6748472380110592,0.1399995623459023,0.6311488908637028,0.47913074794022786,0.437257425447587,0.4988611606258664,mousset,100.0,0.5559999999999999,0.4130060198795285
356,356,perotti,Salernitana,C,0.45,0.3037215221543092,0.24832009895108745,0.5564057791109421,0.14893921140964206,0.504191121274196,0.4553482503098594,0.46295762165203624,0.4988611606258664,perotti,100.0,0.529,0.3828405149802961
357,357,radovanovic,Salernitana,D,0.9,0.47268542492341803,0.20293839757107474,0.2923577282868818,0.15709648932790307,0.448761743441915,0.4427883948364423,0.4265878710491813,0.4988611606258664,radovanovic,100.0,0.632,0.3490308642052595
358,358,zortea,Salernitana,D,0.55,0.3446997954053454,0.29490918744466255,0.5977136836774696,0.12462827605419025,0.7133572671515107,0.4939522795130662,0.4270517339935933,0.4988611606258664,zortea,100.0,0.5780000000000001,0.42804460331997685
359,359,coulibaly m,Salernitana,C,0.55,0.3606745791185597,0.1711433267345762,0.44863662543505683,0.1672306330210392,0.6631135006154093,0.6532406436172683,0.45087798257979883,0.4988611606258664,coulibaly m,100.0,0.61,0.4164167558745297
360,360,djuric,Salernitana,A,0.9,0.35434531427328875,0.09016561437555257,0.28172314027273343,0.2048262628590548,0.7117383034459418,0.3726272384740777,0.49316117119752884,0.4988611606258664,djuric,100.0,0.662,0.3583695778425969
